CATEGORY,word,distance
apologetic,ごめん,1.0
apologetic,サンルイ,1.0
apologetic,すみません,1.0
apologetic,すいません,0.9648448824882507
apologetic,ごめん,0.9103987216949463
apologetic,スイマセン,0.9018281698226929
apologetic,スミマセン,0.9003781080245972
apologetic,ごめんなさい,0.8687502145767212
apologetic,すんません,0.867997407913208
apologetic,ゴメン,0.8351792097091675
apologetic,ゴメン,0.8351792097091675
apologetic,ゴメン,0.8009528517723083
apologetic,ごめんなさい,0.7879087328910828
apologetic,ごめんなさい,0.7879087328910828
apologetic,ごめんなさい,0.7731252312660217
apologetic,すいません,0.7395466566085815
apologetic,すみません,0.7355828881263733
apologetic,ゴメンネ,0.7345490455627441
apologetic,ゴメンネ,0.7345490455627441
apologetic,すいません,0.7241889834403992
apologetic,すいません,0.7241889834403992
apologetic,すまん,0.7181928157806396
apologetic,すまん,0.7181928157806396
apologetic,すんません,0.7091219425201416
apologetic,ゴメンナサイ,0.7054157257080078
apologetic,スミマセン,0.7004551291465759
apologetic,ゴメンネ,0.6935771107673645
apologetic,スイマセン,0.6814737319946289
apologetic,スマン,0.6725296378135681
apologetic,ゴメンネ・・・,0.668674111366272
apologetic,すまん,0.6645311713218689
apologetic,・・ゴメンナサイ,0.6450990438461304
apologetic,ｺﾞﾒﾝ,0.6284561157226562
apologetic,・・ゴメンネ,0.6197192072868347
apologetic,スイマセン・・・,0.6158739924430847
apologetic,ゴメンネー,0.6154558062553406
apologetic,ｽﾐﾏｾﾝ,0.6143550872802734
apologetic,・・スマン,0.6120780110359192
apologetic,ｺﾞﾒﾝﾅｻｲ,0.6064914464950562
apologetic,しつこくっ,0.6048809289932251
apologetic,ｺﾞﾒﾝﾈ,0.5996213555335999
apologetic,申し訳,0.5989812612533569
apologetic,スンマセン,0.5971026420593262
apologetic,スミマセンデシタ,0.5961240530014038
apologetic,・・スミマセン,0.5960531234741211
apologetic,ありがと,0.5935251116752625
apologetic,スミマセン・・・,0.5933277010917664
apologetic,ｽｲﾏｾﾝ,0.5928542613983154
apologetic,ゴメンナサーイ,0.5904918313026428
apologetic,スマヌ,0.5857862234115601
apologetic,スマン・・・,0.5852962136268616
apologetic,・スミマセン,0.5841836929321289
apologetic,スミマセン・・,0.5838829874992371
apologetic,ゴメンナサイネ,0.5824068784713745
apologetic,すません,0.5812829732894897
apologetic,スンマソン,0.5797801613807678
apologetic,スイマセン・・,0.5786076188087463
apologetic,謝ん,0.578271210193634
apologetic,><；,0.5747084617614746
apologetic,ほんと,0.574548602104187
apologetic,・・スイマセン,0.5724709033966064
apologetic,ゴメンナサイ・・・,0.571724534034729
apologetic,(>__<),0.5710550546646118
apologetic,ゴメンナサイ・・,0.570976734161377
apologetic,申しわけ,0.5672321319580078
apologetic,スミマセーン,0.5666590332984924
apologetic,失礼,0.5657365918159485
apologetic,ゴメソ,0.5647245049476624
apologetic,ちゃっ,0.5636157393455505
apologetic,ゅみましぇん,0.5630574822425842
apologetic,スンマソ,0.5612455606460571
apologetic,めんご,0.5611284971237183
apologetic,ホント,0.5588971376419067
apologetic,スンマセン・・・,0.558185338973999
apologetic,つまんない,0.5547715425491333
apologetic,いえいえ,0.553554892539978
apologetic,ゴメンチャイ,0.553428053855896
apologetic,もうしわけ,0.5486762523651123
apologetic,はぁ,0.5475682616233826
apologetic,><）,0.5462366342544556
apologetic,・・・スミマセン,0.5460333824157715
apologetic,スイマセーン,0.5460204482078552
apologetic,(≧≦),0.5455734729766846
apologetic,はやとちり,0.545055627822876
apologetic,あぁ,0.544489324092865
apologetic,ゴメンヨ,0.5438550114631653
apologetic,ｽﾏﾝ,0.5433976650238037
apologetic,謝っ,0.543148934841156
apologetic,・・スンマセン,0.5412067174911499
apologetic,ううん,0.5410596132278442
apologetic,スミマセンスミマセン,0.5404196381568909
apologetic,スマンスマン,0.5400488376617432
apologetic,ｽﾝﾏｾﾝ,0.5392695069313049
apologetic,ゴミン,0.5388051271438599
apologetic,ｺﾞﾒｿ,0.5383056998252869
apologetic,スンマヘン,0.5368168354034424
apologetic,よぅ,0.5340929627418518
apologetic,～；）,0.5338504314422607
apologetic,そうね,0.5337483882904053
apologetic,～；；」,0.5330957770347595
apologetic,謝る,0.5321824550628662
apologetic,スミマセヌ,0.5312643051147461
apologetic,可哀相,0.5298815369606018
apologetic,いや,0.5298096537590027
apologetic,ややこしくっ,0.5297566056251526
apologetic,(>_<)）,0.5289279818534851
apologetic,～（；；）,0.5282122492790222
apologetic,・・ｽﾐﾏｾﾝ,0.5282118916511536
apologetic,かわいそう,0.5278497934341431
apologetic,ｺﾞﾒﾝｺﾞﾒﾝ,0.5277404189109802
apologetic,サーセン,0.5277205109596252
apologetic,えーと,0.5275135040283203
apologetic,さっき,0.5269622206687927
apologetic,(;_;)」,0.5264252424240112
apologetic,トピズレ,0.5261011719703674
apologetic,えーっと,0.5255289077758789
apologetic,ああ,0.5254004597663879
apologetic,ゴメンナ,0.5251337289810181
deference,シャープ,1.0
deference,素晴らしい,1.0
deference,強力,1.0
deference,牛,1.0
deference,美しい,1.0
deference,かわいい,1.0
deference,素敵,1.0
deference,すばらしい,1.0
deference,どうぞ,1.0
deference,良い,1.0
deference,ドライ,1.0
deference,可愛い,0.9016060829162598
deference,素晴らしい,0.897752046585083
deference,すばらしい,0.8977518081665039
deference,すばらしい,0.8977518081665039
deference,すばらしい,0.8977518081665039
deference,すばらしい,0.8977518081665039
deference,ステキ,0.8741708993911743
deference,いい,0.8628062009811401
deference,カワイイ,0.8544857501983643
deference,よい,0.8497099280357361
deference,かわいく,0.8436488509178162
deference,どーぞ,0.8243522047996521
deference,美しく,0.8237056136131287
deference,美しく,0.8237056136131287
deference,素晴らしく,0.8137955665588379
deference,素晴らしく,0.8137955665588379
deference,素晴らしく,0.8137955665588379
deference,素晴らしく,0.8137955665588379
deference,かわいらしい,0.8097007274627686
deference,かわゆい,0.8043741583824158
deference,すてき,0.7945639491081238
deference,良く,0.7908219695091248
deference,素晴らしかっ,0.7804117798805237
deference,素晴らしかっ,0.7804117798805237
deference,素晴らしかっ,0.7804117798805237
deference,素晴らしかっ,0.7804117798805237
deference,素晴らしい,0.7800832390785217
deference,悪い,0.770389199256897
deference,美しかっ,0.7643760442733765
deference,美しかっ,0.7643760442733765
deference,すばらしく,0.7605105042457581
deference,美しい,0.7483231425285339
deference,良かっ,0.7461569309234619
deference,すばらしく,0.7446569204330444
deference,すばらしく,0.7446569204330444
deference,すばらしく,0.7446569204330444
deference,すばらしく,0.7446569204330444
deference,すばらしかっ,0.7423186898231506
deference,すばらしい,0.7332355976104736
deference,ドウゾ,0.7303556799888611
deference,素晴らしく,0.7294380068778992
deference,素敵,0.7252445220947266
deference,ドーゾ,0.7215983867645264
deference,ウェット,0.7198853492736816
deference,すばらしかっ,0.7171282768249512
deference,すばらしかっ,0.7171282768249512
deference,すばらしかっ,0.7171282768249512
deference,すばらしかっ,0.7171282768249512
deference,よろしく,0.7121129035949707
deference,強大,0.7118989825248718
deference,：(♀),0.7101606130599976
deference,綺麗,0.7070476412773132
deference,綺麗,0.7070476412773132
deference,素晴らしかっ,0.7058449983596802
deference,きれい,0.7015440464019775
deference,きれい,0.7015440464019775
deference,素晴らしく,0.6906659603118896
deference,ステキ,0.679949164390564
deference,綺麗,0.6590589880943298
deference,力強い,0.6581191420555115
deference,奇麗,0.6565881371498108
deference,かわいらしい,0.6503080129623413
deference,すばらしく,0.6499297618865967
deference,立派,0.6492813229560852
deference,ユニーク,0.6425936818122864
deference,すてき,0.6417808532714844
deference,良い,0.641614556312561
deference,素晴らしかっ,0.6407725214958191
deference,可愛らしい,0.6399186849594116
deference,可愛い,0.6392185091972351
deference,かわいい,0.6349393725395203
deference,珍しい,0.6337471008300781
deference,強力,0.6301860809326172
deference,美しかっ,0.6294273734092712
deference,きれい,0.628103494644165
deference,格好いい,0.6264708638191223
deference,美しく,0.6241378784179688
deference,愛らしい,0.6196710467338562
deference,繊細,0.618392825126648
deference,美味しい,0.616319477558136
deference,面白い,0.6145305037498474
deference,凄い,0.6137301325798035
deference,カッコイイ,0.6124699711799622
deference,かっこいい,0.6107190251350403
deference,絶品,0.6099136471748352
deference,強烈,0.6072618365287781
deference,上質,0.6070735454559326
deference,鮮やか,0.6040096879005432
deference,柔らかい,0.6033735275268555
deference,どんな,0.6030363440513611
deference,エレガント,0.6022703647613525
deference,優秀,0.5997356176376343
deference,上品,0.5994628667831421
deference,すごい,0.598786473274231
deference,麗しい,0.5983203649520874
deference,大好き,0.5980472564697266
deference,可愛らしく,0.5976673364639282
deference,優しい,0.5964050889015198
deference,サイコー,0.5963632464408875
deference,たくさん,0.5938912630081177
deference,めずらしい,0.5932924747467041
deference,恐ろしい,0.5909656882286072
deference,エネルギッシュ,0.5905017256736755
deference,味わい深い,0.5896050930023193
deference,楽しい,0.5872712135314941
deference,いい,0.5871588587760925
deference,独特,0.5871210098266602
deference,やわらかい,0.5861008167266846
deference,多彩,0.5843345522880554
deference,すばらしかっ,0.5834352970123291
deference,こんな,0.5829930901527405
deference,印象深い,0.581623375415802
deference,好き,0.579138457775116
deference,かっこよい,0.578727126121521
deference,ならでは,0.578386664390564
deference,かわいらしく,0.578153133392334
deference,キレイ,0.5778984427452087
deference,沢山,0.5770909190177917
deference,優れ,0.5763418078422546
deference,とびきり,0.5759678483009338
deference,ファッショナブル,0.5756270289421082
deference,かわいく,0.5755012035369873
deference,上手い,0.5752594470977783
deference,大事,0.5747726559638977
deference,スゴイ,0.5740931034088135
deference,柔らかく,0.571851372718811
deference,チャーミング,0.5703312754631042
deference,新鮮,0.5700812935829163
deference,キュート,0.5700610876083374
deference,贅沢,0.5698671936988831
deference,とても,0.5695803165435791
deference,凄まじい,0.5692768692970276
deference,色んな,0.5688128471374512
deference,おいしい,0.5686179399490356
deference,柔らか,0.5682245492935181
deference,やさしい,0.5680424571037292
deference,まとも,0.5668838620185852
deference,ゴージャス,0.566491425037384
deference,極上,0.5657302737236023
deference,しっかり,0.565089225769043
deference,ダイナミック,0.5650569200515747
deference,独創,0.5646474957466125
deference,大切,0.5645186305046082
deference,お似合い,0.5638484358787537
deference,いろんな,0.5636833310127258
deference,魅力,0.5629630088806152
deference,斬新,0.5626539587974548
deference,カワイイ,0.562624990940094
deference,うまい,0.5620995163917542
deference,おもしろい,0.5609409809112549
deference,ハイレベル,0.5604152679443359
deference,秀逸,0.5603891015052795
direct_question,なぜ,1.0
direct_question,どこ,1.0
direct_question,who,1.0
direct_question,いつ,1.0
direct_question,何,1.0
direct_question,なぜ,0.8785552978515625
direct_question,何故,0.8771405220031738
direct_question,何故,0.8771405220031738
direct_question,何故,0.8771405220031738
direct_question,何故,0.8771405220031738
direct_question,何処,0.8619322180747986
direct_question,どこ,0.8317853212356567
direct_question,どうして,0.8054841160774231
direct_question,どうして,0.8054841160774231
direct_question,どうして,0.8054841160774231
direct_question,どうして,0.8054841160774231
direct_question,いつ,0.8004029989242554
direct_question,何故,0.7950286865234375
direct_question,何で,0.7898013591766357
direct_question,何で,0.7898013591766357
direct_question,何で,0.7898013591766357
direct_question,何で,0.7898013591766357
direct_question,いったい,0.7809244990348816
direct_question,ドコ,0.7719564437866211
direct_question,なんで,0.7650946378707886
direct_question,なんで,0.7650946378707886
direct_question,なんで,0.7650946378707886
direct_question,なんで,0.7650946378707886
direct_question,どうして,0.7549983263015747
direct_question,何時,0.7549642324447632
direct_question,何時,0.7549642324447632
direct_question,何で,0.7526596188545227
direct_question,どこ,0.7401686906814575
direct_question,どこ,0.7401686906814575
direct_question,いつ,0.740168571472168
direct_question,レッダー,0.7273213863372803
direct_question,でも,0.7255948781967163
direct_question,なにゆえ,0.7214529514312744
direct_question,なにゆえ,0.7214529514312744
direct_question,なにゆえ,0.7214529514312744
direct_question,なにゆえ,0.7214529514312744
direct_question,いったい,0.7192909717559814
direct_question,いったい,0.7192909717559814
direct_question,何時,0.7154088020324707
direct_question,なんで,0.7109192609786987
direct_question,でも,0.7098886370658875
direct_question,でも,0.7098886370658875
direct_question,なに,0.7083380222320557
direct_question,なに,0.7083380222320557
direct_question,何処,0.703570544719696
direct_question,なに,0.698620080947876
direct_question,そこ,0.693463921546936
direct_question,いくら,0.6737663745880127
direct_question,何故か,0.6649842858314514
direct_question,どんな,0.6647320985794067
direct_question,どれ,0.6608299612998962
direct_question,どう,0.659912109375
direct_question,なぜだか,0.6543412208557129
direct_question,それ,0.6499131917953491
direct_question,なにゆえ,0.6497177481651306
direct_question,なん,0.6481918692588806
direct_question,どういう,0.645279586315155
direct_question,どの,0.6439083218574524
direct_question,いつの,0.6375036239624023
direct_question,だって,0.6373201608657837
direct_question,一体全体,0.6360991597175598
direct_question,一体,0.6347301602363586
direct_question,そもそも,0.6315242648124695
direct_question,ここ,0.6293299794197083
direct_question,そんなに,0.6280819177627563
direct_question,それなのに,0.6266669034957886
direct_question,そんな,0.6242852210998535
direct_question,何と,0.6229127049446106
direct_question,ナゼ,0.6228631138801575
direct_question,いったい全体,0.6216042637825012
direct_question,あんなに,0.6210107803344727
direct_question,いまだに,0.620117723941803
direct_question,ドコ,0.617759108543396
direct_question,はたして,0.6139959096908569
direct_question,それとも,0.6125392317771912
direct_question,本当,0.6110286116600037
direct_question,未だに,0.6095457077026367
direct_question,大抵,0.6073262095451355
direct_question,果たして,0.603924572467804
direct_question,かって,0.6021475195884705
direct_question,いったいぜんたい,0.602008044719696
direct_question,きっと,0.6003754734992981
direct_question,こんなに,0.5997651219367981
direct_question,だけ,0.5990084409713745
direct_question,誰か,0.5986839532852173
direct_question,たぶん,0.5976056456565857
direct_question,幾ら,0.5959182381629944
direct_question,多分,0.5944947600364685
direct_question,なんか,0.5935429930686951
direct_question,おそらく,0.5934911966323853
direct_question,ていう,0.59345543384552
direct_question,って,0.5927819013595581
direct_question,なにか,0.5922477841377258
direct_question,何人,0.5919827222824097
direct_question,いくつ,0.5908492803573608
direct_question,結局,0.5903889536857605
direct_question,何者,0.589984118938446
direct_question,まだ,0.5892160534858704
direct_question,これ,0.5880707502365112
direct_question,ずっと,0.5878655314445496
direct_question,なのに,0.5859804749488831
direct_question,どちら,0.5857182145118713
direct_question,まで,0.5855012536048889
direct_question,だれ,0.5854807496070862
direct_question,もしかして,0.5837311744689941
direct_question,わから,0.5818721055984497
direct_question,その,0.5814608335494995
direct_question,あれ,0.5807488560676575
direct_question,くらい,0.5793691277503967
direct_question,今頃,0.5783308148384094
direct_question,確か,0.5780564546585083
direct_question,こんなにも,0.5778894424438477
direct_question,実は,0.5778769850730896
direct_question,全然,0.5776941180229187
direct_question,自分,0.5771802663803101
direct_question,たいてい,0.5766493678092957
direct_question,あそこ,0.576582670211792
direct_question,とにかく,0.5765298008918762
direct_question,いつも,0.575803816318512
direct_question,なんだか,0.5748493075370789
direct_question,どなた,0.5735873579978943
direct_question,やはり,0.5735095739364624
direct_question,もう,0.5734497308731079
direct_question,あの,0.5731877684593201
direct_question,何分,0.5728526711463928
direct_question,やっぱり,0.5720576047897339
emergency,急げ,1.0
emergency,急,1.0
emergency,速い,1.0
emergency,急務,1.0
emergency,速く,0.8759868741035461
emergency,速かっ,0.8610353469848633
emergency,遅い,0.7905404567718506
emergency,急務,0.7536969184875488
emergency,早い,0.745819628238678
emergency,急げ,0.7201733589172363
emergency,はやい,0.7013329267501831
emergency,急ぐ,0.6792329549789429
emergency,遅い,0.6397545337677002
emergency,急が,0.6299029588699341
emergency,速く,0.6259413957595825
emergency,速い,0.6239995360374451
emergency,早い,0.620276153087616
emergency,急い,0.6135355830192566
emergency,必要,0.6054792404174805
emergency,早く,0.5989120602607727
emergency,焦っ,0.5928077101707458
emergency,早急,0.5927255153656006
emergency,焦る,0.5920859575271606
emergency,遅く,0.5731539130210876
emergency,肝要,0.5707679390907288
emergency,喫緊,0.5684252977371216
emergency,早かっ,0.5655450820922852
emergency,不可欠,0.5654836297035217
emergency,先決,0.5654578804969788
emergency,早まり,0.5618980526924133
emergency,必用,0.5612366199493408
emergency,注力,0.5603129863739014
emergency,難しく,0.5597377419471741
emergency,早まる,0.5587518811225891
emergency,遅かっ,0.5575219392776489
emergency,重要,0.556735634803772
emergency,加速,0.5550412535667419
emergency,急ピッチ,0.5548574328422546
emergency,得策,0.5525050759315491
emergency,急ご,0.5522524118423462
emergency,間に合わ,0.5511264204978943
emergency,急げよ,0.5503864288330078
emergency,容易,0.5486366748809814
emergency,急速,0.547756016254425
emergency,早め,0.5472438335418701
emergency,促す,0.545218825340271
emergency,緩慢,0.542698860168457
emergency,早くっ,0.5414698719978333
emergency,速め,0.5408270955085754
emergency,速かっ,0.5405569076538086
emergency,急ぎ,0.5402544736862183
emergency,早まっ,0.5370880961418152
emergency,難しい,0.5367012619972229
emergency,追いつか,0.5358490347862244
emergency,大急ぎ,0.5354949831962585
emergency,助かる,0.5353248119354248
emergency,明白,0.5342893004417419
emergency,進ま,0.5334448218345642
emergency,好都合,0.5332428216934204
emergency,遅れる,0.5330274701118469
emergency,手間取る,0.5310699939727783
emergency,遅れ,0.5297159552574158
emergency,大変,0.5294496417045593
emergency,困難,0.5276262760162354
emergency,焦眉,0.5272645950317383
emergency,間に合う,0.5267655253410339
emergency,無理,0.526168942451477
emergency,不十分,0.5252236723899841
emergency,速やか,0.5244157314300537
emergency,有利,0.5241187214851379
emergency,盛ん,0.5235151052474976
emergency,あわてる,0.5230763554573059
emergency,慌て,0.5229405164718628
emergency,至急,0.5225349068641663
emergency,速まる,0.5221481323242188
emergency,急激,0.5220658779144287
emergency,早めよ,0.5214068293571472
emergency,慌てる,0.5208914279937744
emergency,手っ取り早い,0.5207772850990295
emergency,はやい,0.519267737865448
emergency,悪く,0.5184969902038574
emergency,機敏,0.5179688930511475
emergency,最適,0.5179098844528198
emergency,悠長,0.5177774429321289
emergency,難儀,0.5171877145767212
emergency,ヤバイ,0.5161598324775696
emergency,あわて,0.5153669714927673
emergency,早める,0.5151152610778809
emergency,駄目,0.514068067073822
emergency,要する,0.5139137506484985
emergency,あせっ,0.513443648815155
emergency,大事,0.5123763084411621
emergency,躍起,0.5112273097038269
emergency,可能,0.5111140608787537
emergency,間にあわ,0.511027991771698
emergency,待て,0.5109760165214539
emergency,はやく,0.5105563998222351
emergency,顕著,0.5105236768722534
emergency,いい,0.5094618797302246
emergency,進ん,0.5093798041343689
emergency,当然,0.5085309147834778
emergency,追い付か,0.5078462958335876
emergency,望ましい,0.5076097846031189
emergency,手遅れ,0.5071090459823608
emergency,仕方,0.5068165063858032
emergency,速める,0.5067979097366333
emergency,食い止める,0.5066433548927307
factuality,実際,1.0
factuality,実際,0.9999999403953552
factuality,当時,0.651278555393219
factuality,確か,0.6421524286270142
factuality,実は,0.6384198665618896
factuality,以前,0.6377441883087158
factuality,最初,0.625613272190094
factuality,仮に,0.6235170960426331
factuality,その,0.6177943348884583
factuality,まず,0.6171448230743408
factuality,大抵,0.6149693727493286
factuality,当初,0.6129440069198608
factuality,それ,0.612571120262146
factuality,これら,0.606457531452179
factuality,前述,0.6055389046669006
factuality,元々,0.604519784450531
factuality,そういった,0.6035342812538147
factuality,あくまで,0.6015900373458862
factuality,じっさい,0.599325954914093
factuality,しかし,0.5977223515510559
factuality,例えば,0.5950018167495728
factuality,普段,0.5949744582176208
factuality,多く,0.5938411355018616
factuality,こうした,0.5931063294410706
factuality,先述,0.5928530097007751
factuality,これ,0.5923610329627991
factuality,やはり,0.5915626883506775
factuality,そうした,0.5911911129951477
factuality,現に,0.5899395942687988
factuality,また,0.5898134708404541
factuality,そもそも,0.5887298583984375
factuality,ただし,0.588133692741394
factuality,単に,0.5874309539794922
factuality,そこで,0.587113618850708
factuality,あくまでも,0.5866667628288269
factuality,そこ,0.586487889289856
factuality,今回,0.5861268639564514
factuality,しかしながら,0.5856508612632751
factuality,という,0.583228588104248
factuality,おそらく,0.5826456546783447
factuality,恐らく,0.58184814453125
factuality,厳密,0.5794811248779297
factuality,つまり,0.5788238644599915
factuality,ほとんど,0.5784187912940979
factuality,場合,0.5781769752502441
factuality,大体,0.5779834389686584
factuality,ちなみに,0.5775831937789917
factuality,たとえば,0.5760695338249207
factuality,もともと,0.5754656791687012
factuality,大半,0.5745742917060852
factuality,この,0.5731000304222107
factuality,たしかに,0.5724779963493347
factuality,したがって,0.5708485841751099
factuality,もちろん,0.5702036619186401
factuality,少なくとも,0.5688216686248779
factuality,例え,0.5685254335403442
factuality,殆ど,0.5678197741508484
factuality,によって,0.567741870880127
factuality,現在,0.567595899105072
factuality,あたかも,0.5670323371887207
factuality,往々,0.5662402510643005
factuality,要するに,0.5659827589988708
factuality,無論,0.5652121305465698
factuality,同じ,0.564721941947937
factuality,初めて,0.5638930797576904
factuality,要は,0.5638232827186584
factuality,異なる,0.5614639520645142
factuality,ところが,0.5600231289863586
factuality,自身,0.5595298409461975
factuality,たとえ,0.5580973029136658
factuality,もし,0.5572434067726135
factuality,既に,0.5564165711402893
factuality,よって,0.5552713871002197
factuality,というのも,0.5552476048469543
factuality,同様,0.5544992685317993
factuality,多少,0.5536170601844788
factuality,じつは,0.5534539818763733
factuality,対し,0.5530015826225281
factuality,一度,0.5527519583702087
factuality,しばしば,0.5522573590278625
factuality,従来,0.5521221160888672
factuality,筆者,0.5516057014465332
factuality,特に,0.5512779355049133
factuality,別に,0.5503531694412231
factuality,上述,0.5503237247467041
factuality,ただ,0.5496621131896973
factuality,とき,0.548457145690918
factuality,でも,0.5475031137466431
factuality,全く,0.5475026965141296
factuality,なぜなら,0.5459526181221008
factuality,従って,0.5455742478370667
factuality,勿論,0.5455301403999329
factuality,ほか,0.5443553328514099
factuality,むろん,0.5426824688911438
first_person_singular,私,1.0
first_person_singular,俺,1.0
first_person_singular,わたし,0.7989678978919983
first_person_singular,オレ,0.7344632148742676
first_person_singular,お前,0.7267925143241882
first_person_singular,わたし,0.7140160799026489
first_person_singular,わたくし,0.7068041563034058
first_person_singular,自分,0.7029489874839783
first_person_singular,あたし,0.7023730278015137
first_person_singular,あんた,0.6867218017578125
first_person_singular,おれ,0.6758715510368347
first_person_singular,多分,0.6756543517112732
first_person_singular,彼女,0.6688650846481323
first_person_singular,ボク,0.6611648797988892
first_person_singular,そいつ,0.660161554813385
first_person_singular,アンタ,0.6450026035308838
first_person_singular,おまえ,0.6416756510734558
first_person_singular,アタシ,0.639557421207428
first_person_singular,だから,0.6378939151763916
first_person_singular,さっき,0.6374123096466064
first_person_singular,あの,0.6359488368034363
first_person_singular,じゃあ,0.63483065366745
first_person_singular,何で,0.6329125165939331
first_person_singular,あいつ,0.6280480623245239
first_person_singular,君達,0.6247409582138062
first_person_singular,ウチ,0.6220658421516418
first_person_singular,貴方,0.620816171169281
first_person_singular,オイラ,0.6183891296386719
first_person_singular,ソイツ,0.6147371530532837
first_person_singular,それ,0.6139340996742249
first_person_singular,小生,0.6128121614456177
first_person_singular,僕ら,0.6126452684402466
first_person_singular,我々,0.6114146113395691
first_person_singular,ぼく,0.6108877658843994
first_person_singular,確か,0.6099104285240173
first_person_singular,そんな,0.6081372499465942
first_person_singular,旦那,0.6080811023712158
first_person_singular,だけど,0.6021745800971985
first_person_singular,なんで,0.6003185510635376
first_person_singular,たぶん,0.5975867509841919
first_person_singular,いや,0.5965107083320618
first_person_singular,そこ,0.5964083671569824
first_person_singular,ほら,0.5933570861816406
first_person_singular,彼ら,0.5910975933074951
first_person_singular,要は,0.590071439743042
first_person_singular,今日,0.5889571309089661
first_person_singular,何故,0.5888657569885254
first_person_singular,そういう,0.5881916284561157
first_person_singular,それで,0.5874149203300476
first_person_singular,わたくし,0.5868067741394043
first_person_singular,あなた,0.5867400765419006
first_person_singular,だって,0.5855802893638611
first_person_singular,実は,0.5855304598808289
first_person_singular,やっぱり,0.5841299295425415
first_person_singular,一応,0.5826015472412109
first_person_singular,嫁さん,0.5823701620101929
first_person_singular,それなら,0.5796543955802917
first_person_singular,何せ,0.5777444243431091
first_person_singular,どうせ,0.5771817564964294
first_person_singular,我輩,0.575401782989502
first_person_singular,オマエ,0.5747564435005188
first_person_singular,わたしゃ,0.5739921927452087
first_person_singular,なぜ,0.5738896131515503
first_person_singular,正直,0.5738430023193359
first_person_singular,今度,0.5727338194847107
first_person_singular,もう,0.5715428590774536
first_person_singular,きっと,0.5705292820930481
first_person_singular,じゃぁ,0.5679757595062256
first_person_singular,てか,0.567615807056427
first_person_singular,貴様,0.5659494996070862
first_person_singular,とりあえず,0.5655115842819214
first_person_singular,勿論,0.5646640658378601
first_person_singular,あぁ,0.5643077492713928
first_person_singular,君たち,0.5637372136116028
first_person_singular,自身,0.5633924007415771
first_person_singular,まあ,0.563368022441864
first_person_singular,コイツ,0.5631057620048523
first_person_singular,昨日,0.5623735189437866
first_person_singular,ずっと,0.5621698498725891
first_person_singular,あたしゃ,0.5616872310638428
first_person_singular,その,0.5614015460014343
first_person_singular,あそこ,0.5608122944831848
first_person_singular,私ゃ,0.5601807832717896
first_person_singular,まぁ,0.5593854188919067
first_person_singular,さぁ,0.5578657388687134
first_person_singular,んで,0.5574789047241211
first_person_singular,こいつ,0.5573279857635498
first_person_singular,奥さん,0.5565109252929688
first_person_singular,そりゃあ,0.5563002824783325
first_person_singular,カミさん,0.5551494359970093
first_person_singular,いっつも,0.5548434853553772
first_person_singular,もし,0.553604006767273
first_person_singular,誰か,0.5533748269081116
first_person_singular,ただ,0.5530112385749817
first_person_singular,貴女,0.5529177784919739
gratitude,ありがたい,1.0
gratitude,ありがとう,1.0
gratitude,感謝,1.0
gratitude,感謝,0.9896022081375122
gratitude,有難い,0.921401858329773
gratitude,有り難い,0.8977014422416687
gratitude,有り難う,0.854125440120697
gratitude,有難う,0.8477306962013245
gratitude,ありがたかっ,0.8343166708946228
gratitude,ござい,0.8140277862548828
gratitude,嬉しい,0.8126522302627563
gratitude,うれしい,0.8013635873794556
gratitude,ありがと,0.7575082182884216
gratitude,ざいますっ,0.7434878349304199
gratitude,感激,0.6818070411682129
gratitude,心から,0.6538889408111572
gratitude,ありがとう,0.6410204768180847
gratitude,ありがたく,0.6301366090774536
gratitude,ありがたい,0.6299642324447632
gratitude,謝意,0.6241673231124878
gratitude,有難い,0.616909384727478
gratitude,お礼,0.6155200600624084
gratitude,有り難い,0.6149141788482666
gratitude,有り難く,0.6102319359779358
gratitude,深謝,0.604834794998169
gratitude,アリガトウ,0.5947232842445374
gratitude,尊敬,0.5929286479949951
gratitude,嬉しかっ,0.588091254234314
gratitude,心遣い,0.5869853496551514
gratitude,有り難う,0.5856673121452332
gratitude,感動,0.5829761028289795
gratitude,ありがたかっ,0.5816540718078613
gratitude,多謝,0.5803142189979553
gratitude,有難う,0.577422559261322
gratitude,感無量,0.5711416602134705
gratitude,こころから,0.5706058740615845
gratitude,うれしかっ,0.5690773129463196
gratitude,有難かっ,0.5690175294876099
gratitude,ありがと,0.5651288032531738
gratitude,親切,0.559593677520752
gratitude,有り難き,0.556800901889801
gratitude,嬉しく,0.5566678047180176
gratitude,有り難かっ,0.5550761818885803
gratitude,労い,0.5532103776931763
gratitude,御礼,0.5483749508857727
gratitude,喜び,0.5477498173713684
gratitude,嬉しい,0.5458654165267944
gratitude,カンシャ,0.5457708239555359
gratitude,恩人,0.5417810082435608
gratitude,お世話,0.5408955812454224
gratitude,本当に,0.539807915687561
gratitude,重ねがさね,0.5395799875259399
gratitude,うれしく,0.5395144820213318
gratitude,有難く,0.5388526320457458
gratitude,重ね重ね,0.5380491018295288
gratitude,心強かっ,0.5375109910964966
gratitude,助かっ,0.5374310612678528
gratitude,有難き,0.5373075008392334
gratitude,ありがたくっ,0.5364390015602112
gratitude,アリガトー,0.5361773371696472
gratitude,素晴らしい,0.5346286296844482
gratitude,ざいましたっっ,0.5344099998474121
gratitude,気遣い,0.5325111150741577
gratitude,おかげ,0.5310875177383423
gratitude,大切,0.5301443934440613
gratitude,ありがた,0.5278849601745605
gratitude,激励,0.5260450839996338
gratitude,気持ち,0.5259465575218201
gratitude,痛み入り,0.5255838632583618
gratitude,下さっ,0.5228382349014282
gratitude,ねぎらい,0.5228140354156494
gratitude,いたみいり,0.5218527913093567
gratitude,恵贈,0.5215201377868652
gratitude,くださっ,0.5210669040679932
gratitude,お陰,0.5205279588699341
gratitude,敬服,0.5202041268348694
gratitude,リスペクト,0.5193563103675842
gratitude,敬意,0.5185998678207397
gratitude,ありがたし,0.5173946619033813
gratitude,ざいますっっ,0.5170919895172119
gratitude,恩返し,0.515766978263855
gratitude,助かり,0.5153207778930664
gratitude,うれしい,0.5153011083602905
gratitude,励まし,0.514783501625061
gratitude,力添え,0.5144306421279907
gratitude,謝辞,0.5141289830207825
gratitude,ざいましたぁ,0.5130804181098938
gratitude,愛顧,0.5130698680877686
gratitude,マサタロウ,0.5100434422492981
gratitude,ざいましたぁぁ,0.5097429752349854
gratitude,出会え,0.508669912815094
gratitude,シアワセモノ,0.5081982612609863
gratitude,ありがたき,0.5056301355361938
gratitude,御苦労,0.5048762559890747
gratitude,オコトバ,0.5045163035392761
gratitude,お疲れ様,0.5042480230331421
gratitude,幸せ,0.5042176842689514
gratitude,お蔭,0.5041837096214294
gratitude,アリガトウゴザイマス,0.5038620829582214
gratitude,お疲れさま,0.5037117600440979
gratitude,皆々様,0.5034515857696533
gratitude,アリガタイ,0.5028377175331116
gratitude,すばらしい,0.502492368221283
gratitude,ざいまいした,0.5016314387321472
gratitude,沢山,0.5013349652290344
gratitude,皆様,0.5013192296028137
gratitude,かたじけない,0.5009339451789856
gratitude,感涙,0.5004756450653076
greeting,やあ,1.0
greeting,こんにちは,1.0
greeting,ハロ,1.0
greeting,おい,1.0
greeting,おはよう,1.0
greeting,こんばんは,1.0
greeting,おやすみ,1.0
greeting,良い,1.0
greeting,さようなら,1.0
greeting,こんばんわ,0.9452004432678223
greeting,こんばんは,0.9167303442955017
greeting,こんばんは,0.9167303442955017
greeting,こんばんは,0.9167303442955017
greeting,こんばんは,0.9167303442955017
greeting,こんばんは,0.9167303442955017
greeting,こんばんは,0.9167303442955017
greeting,こんにちは,0.9167299866676331
greeting,こんにちわ,0.9152794480323792
greeting,こんにちわ,0.9152794480323792
greeting,こんにちわ,0.9152794480323792
greeting,こんにちわ,0.9152794480323792
greeting,こんにちわ,0.9152794480323792
greeting,こんにちわ,0.9152794480323792
greeting,こんにちわ,0.9108147621154785
greeting,いい,0.8628062009811401
greeting,こんばんわ,0.8549860715866089
greeting,こんばんわ,0.8549860715866089
greeting,こんばんわ,0.8549860715866089
greeting,こんばんわ,0.8549860715866089
greeting,こんばんわ,0.8549860715866089
greeting,こんばんわ,0.8549860715866089
greeting,よい,0.8497099280357361
greeting,とい,0.8290541768074036
greeting,こんにちは,0.8190076947212219
greeting,おく,0.8113933205604553
greeting,はじめまして,0.7946215271949768
greeting,はじめまして,0.7946215271949768
greeting,はじめまして,0.7946215271949768
greeting,はじめまして,0.7946215271949768
greeting,はじめまして,0.7946215271949768
greeting,はじめまして,0.7946215271949768
greeting,おはよう,0.7934358716011047
greeting,こんばんは,0.790904700756073
greeting,良く,0.7908219695091248
greeting,こんにちわ,0.7865694165229797
greeting,おけ,0.7823036909103394
greeting,はじめまして,0.7795469760894775
greeting,悪い,0.770389199256897
greeting,お早う,0.7584393620491028
greeting,お早う,0.7584393620491028
greeting,お早う,0.7584393620491028
greeting,おき,0.7536499500274658
greeting,こんばんわ,0.7485389113426208
greeting,おやすみなさい,0.7475306391716003
greeting,おやすみなさい,0.7475306391716003
greeting,良かっ,0.7461569309234619
greeting,オヤスミ,0.7392165660858154
greeting,オヤスミ,0.7392165660858154
greeting,さよなら,0.7353209853172302
greeting,おはよう,0.7231401205062866
greeting,こんばんは,0.7231397032737732
greeting,こんばんは,0.7231397032737732
greeting,こんばんは,0.7231397032737732
greeting,おはよう,0.7212551236152649
greeting,おはよう,0.7212551236152649
greeting,おはよう,0.7212551236152649
greeting,おはよう,0.7212551236152649
greeting,おはよう,0.7212551236152649
greeting,おはよう,0.7212551236152649
greeting,こんにちは,0.7212549448013306
greeting,こんにちは,0.7212549448013306
greeting,こんにちは,0.7212549448013306
greeting,とけ,0.7013325095176697
greeting,やあ,0.6671631932258606
greeting,はじめまして,0.6657728552818298
greeting,びっちです,0.6613501906394958
greeting,はーい,0.647990882396698
greeting,どーも,0.6338712573051453
greeting,こんち,0.6186787486076355
greeting,さようなら,0.6119521856307983
greeting,ありがと,0.6093128323554993
greeting,お疲れさま,0.6057780981063843
greeting,ありがとう,0.6047539114952087
greeting,どうも,0.6025205254554749
greeting,お疲れ様,0.6022796034812927
greeting,お早う,0.6005973219871521
greeting,みなさん,0.5978214740753174
greeting,久しぶり,0.5963196158409119
greeting,おかえり,0.5956406593322754
greeting,オハヨウゴザイマス,0.5926164388656616
greeting,おやすみ,0.5912676453590393
greeting,ぐっちです,0.5912571549415588
greeting,はい,0.5849429965019226
greeting,わーい,0.5840982794761658
greeting,やぁ,0.5840649008750916
greeting,おやすみなさい,0.5818962454795837
greeting,そうですね,0.5767742991447449
greeting,ごきげんよう,0.5731284022331238
greeting,ゃんたです,0.5729328989982605
greeting,ゃにゃちは,0.5714628100395203
greeting,おかえりなさい,0.5687936544418335
greeting,ところで,0.5665758848190308
greeting,よー,0.5639370083808899
greeting,すみなさ,0.5635809898376465
greeting,おつかれ様,0.5633101463317871
greeting,ざいまぁす,0.5608329772949219
greeting,コンバンワー,0.5607895255088806
greeting,それでは,0.5599406361579895
greeting,ざいまちゅ,0.559272050857544
greeting,らっしゃい,0.5585013031959534
greeting,今日,0.5581838488578796
greeting,コンニチワ,0.5573957562446594
greeting,いい,0.5552115440368652
greeting,ただいま,0.5544594526290894
greeting,はぁ,0.5543206930160522
greeting,はあ,0.5530246496200562
greeting,ええ,0.5526198148727417
greeting,はやう,0.5523411631584167
greeting,ノラドラ,0.5520973205566406
greeting,オヒサシブリ,0.5518062710762024
greeting,ざえます,0.5514033436775208
greeting,いやー,0.5513952374458313
greeting,ぐっも,0.5510854125022888
greeting,さぁ,0.5506308078765869
greeting,ゃにゃちわ,0.5494967699050903
greeting,ヨロシクー,0.5491920709609985
greeting,さあ,0.5481700897216797
greeting,ひさしゅう,0.5470690727233887
greeting,ぐっちゃんです,0.5469843745231628
greeting,ぐっない,0.5468552112579346
greeting,おおっ,0.5466872453689575
greeting,さてと,0.5460744500160217
greeting,ああ,0.5458530187606812
greeting,オバビカド,0.5457155704498291
greeting,ゃごぴ,0.545546293258667
greeting,以介,0.5455113649368286
greeting,サミコ,0.5440247058868408
greeting,ざっす,0.5440025925636292
greeting,いやぁ,0.543553352355957
greeting,ゃにゃです,0.5435332655906677
greeting,ちゃーん,0.5420113801956177
greeting,コンバンワ,0.541513204574585
greeting,はろ,0.5412142872810364
greeting,申し送れ,0.5401418209075928
greeting,では,0.5399948954582214
greeting,オヒサシブリデス,0.5399113893508911
greeting,コンニチハ,0.5397765636444092
greeting,ざいまっする,0.5369493365287781
greeting,いえいえ,0.5367323160171509
greeting,おしまい,0.5364408493041992
greeting,皆さん,0.5359347462654114
greeting,コンニチワー,0.535409688949585
greeting,ごぶさた,0.5352305769920349
greeting,オツカレサマ,0.5352301597595215
greeting,どういたしまして,0.5344884395599365
greeting,ござい,0.5343050956726074
greeting,コニチハ,0.534050703048706
greeting,久し振り,0.533854067325592
greeting,ネバヤ,0.5334084630012512
greeting,kidd,0.5333648920059204
greeting,なるほど,0.532971203327179
greeting,ハーイ,0.5328430533409119
greeting,ぃっす,0.5316042900085449
greeting,おぉ,0.5313101410865784
greeting,ほんと,0.5312618017196655
has_negative,ナン,1.0
has_negative,ナン,1.0
has_negative,チーズナン,0.5223137736320496
has_positive,ナン,1.0
has_positive,ナン,1.0
has_positive,チーズナン,0.5223137736320496
hedge,できる,1.0
hedge,答え,1.0
hedge,必要,1.0
hedge,ミーティング,1.0
hedge,しない,1.0
hedge,意思,1.0
hedge,ほとんど,1.0
hedge,上下,1.0
hedge,だいたい,1.0
hedge,できるだけ,1.0
hedge,少し,1.0
hedge,確認,1.0
hedge,定刻,1.0
hedge,見せる,1.0
hedge,ジャッジ,1.0
hedge,推測,1.0
hedge,見積もり,1.0
hedge,多分,1.0
hedge,また,1.0
hedge,可能,1.0
hedge,若干,1.0
hedge,少量,1.0
hedge,なるべく,0.927325427532196
hedge,大体,0.9080390930175781
hedge,意志,0.9078970551490784
hedge,出来る,0.907427966594696
hedge,出来る,0.907427966594696
hedge,出来る,0.907427966594696
hedge,たぶん,0.8912112712860107
hedge,たぶん,0.8912112712860107
hedge,たぶん,0.8912112712860107
hedge,たぶん,0.8912112712860107
hedge,たぶん,0.8912112712860107
hedge,殆ど,0.8900919556617737
hedge,推察,0.8810458779335022
hedge,推察,0.8810458779335022
hedge,多少,0.878284752368927
hedge,多少,0.878284752368927
hedge,必用,0.8641404509544373
hedge,すこし,0.8524553775787354
hedge,すこし,0.8524553775787354
hedge,すこし,0.8524553775787354
hedge,すこし,0.8524553775787354
hedge,すこし,0.8524553775787354
hedge,すこし,0.8524553775787354
hedge,ちょっと,0.820332407951355
hedge,ちょっと,0.820332407951355
hedge,ちょっと,0.820332407951355
hedge,ちょっと,0.820332407951355
hedge,ちょっと,0.820332407951355
hedge,ちょっと,0.820332407951355
hedge,やや,0.8155847787857056
hedge,やや,0.8155847787857056
hedge,見せ,0.8109713196754456
hedge,でき,0.808423638343811
hedge,でき,0.808423638343811
hedge,でき,0.808423638343811
hedge,恐らく,0.8059825897216797
hedge,恐らく,0.8059825897216797
hedge,恐らく,0.8059825897216797
hedge,恐らく,0.8059825897216797
hedge,恐らく,0.8059825897216797
hedge,少々,0.8042281866073608
hedge,少々,0.8042281866073608
hedge,少し,0.803042471408844
hedge,みせる,0.7992344498634338
hedge,見積り,0.7981393337249756
hedge,不可欠,0.7933332920074463
hedge,答える,0.7892453670501709
hedge,極力,0.7892190217971802
hedge,少々,0.7836747765541077
hedge,少々,0.7836747765541077
hedge,少々,0.7836747765541077
hedge,少々,0.7836747765541077
hedge,少々,0.7836747765541077
hedge,少々,0.7836747765541077
hedge,まったく,0.7832106351852417
hedge,おそらく,0.7800318598747253
hedge,おそらく,0.7800318598747253
hedge,おそらく,0.7800318598747253
hedge,おそらく,0.7800318598747253
hedge,おそらく,0.7800318598747253
hedge,大半,0.7749685645103455
hedge,全く,0.7687482237815857
hedge,あまり,0.7653971910476685
hedge,幾分,0.764915406703949
hedge,幾分,0.764915406703949
hedge,幾分,0.764915406703949
hedge,幾分,0.764915406703949
hedge,幾分,0.764915406703949
hedge,幾分,0.764915406703949
hedge,ぐらい,0.7575363516807556
hedge,少し,0.7574551105499268
hedge,少し,0.7574551105499268
hedge,若干,0.757455050945282
hedge,若干,0.757455050945282
hedge,若干,0.757455050945282
hedge,若干,0.757455050945282
hedge,若干,0.757455050945282
hedge,若干,0.757455050945282
hedge,出来,0.7573848962783813
hedge,出来,0.7573848962783813
hedge,出来,0.7573848962783813
hedge,だけ,0.7560305595397949
hedge,幾分,0.7558687925338745
hedge,幾分,0.7558687925338745
hedge,ちょっと,0.7521708607673645
hedge,確か,0.7513698935508728
hedge,確か,0.7513698935508728
hedge,確か,0.7513698935508728
hedge,確か,0.7513698935508728
hedge,確か,0.7513698935508728
hedge,なるたけ,0.7497059106826782
hedge,ので,0.7496792078018188
hedge,そして,0.7476946115493774
hedge,かなり,0.7470510005950928
hedge,小量,0.7434461116790771
hedge,けど,0.7427019476890564
hedge,けど,0.7427019476890564
hedge,けど,0.7427019476890564
hedge,けど,0.7427019476890564
hedge,けど,0.7427019476890564
hedge,行える,0.7424941658973694
hedge,行える,0.7424941658973694
hedge,行える,0.7424941658973694
hedge,でも,0.7404012084007263
hedge,やはり,0.7398688197135925
hedge,くらい,0.7389200925827026
hedge,ので,0.7346240282058716
hedge,しかし,0.7277666330337524
hedge,ある程度,0.7274199724197388
hedge,若干,0.7250731587409973
hedge,おおよそ,0.7246891856193542
hedge,それでも,0.7222375869750977
hedge,尋ね,0.7219312191009521
hedge,それ,0.7217959761619568
hedge,多少,0.7170857191085815
hedge,問いかけ,0.7169525027275085
hedge,多分,0.7141856551170349
hedge,可能,0.713299572467804
hedge,可能,0.713299572467804
hedge,可能,0.713299572467804
hedge,できる,0.7132989168167114
hedge,みせ,0.7130002975463867
hedge,要る,0.7124850153923035
hedge,少々,0.7058324813842773
hedge,たいてい,0.705516517162323
hedge,すこし,0.7042177319526672
hedge,そこ,0.7039819955825806
hedge,おそらく,0.7022972702980042
hedge,結構,0.6996813416481018
hedge,恐らく,0.6989930868148804
hedge,ぐらい,0.6960000991821289
hedge,まだ,0.6956157088279724
hedge,という,0.6954780220985413
hedge,幾分,0.6947374939918518
hedge,確か,0.6920437216758728
hedge,くらい,0.6910204887390137
hedge,いくらか,0.6884182691574097
hedge,もう少し,0.6833527088165283
hedge,けれど,0.6831426024436951
hedge,ある,0.6804190278053284
hedge,それほど,0.6800602078437805
hedge,その,0.6787157654762268
hedge,たぶん,0.6783750653266907
hedge,言う,0.6742219924926758
hedge,なので,0.6740953922271729
hedge,こと,0.6733061671257019
hedge,よう,0.6730588674545288
hedge,から,0.6717161536216736
hedge,ほとんど,0.6715152263641357
hedge,これ,0.6709617972373962
hedge,当然,0.6701643466949463
hedge,何となく,0.6699648499488831
hedge,それ程,0.6692901253700256
hedge,多く,0.6692392230033875
hedge,実際,0.6689391732215881
hedge,らしい,0.6667667627334595
hedge,それだけ,0.6664073467254639
hedge,全然,0.6653693318367004
hedge,むしろ,0.6648402214050293
hedge,多少なりとも,0.6641710996627808
hedge,また,0.6638488173484802
hedge,だいぶ,0.6637707948684692
hedge,あっ,0.6626527905464172
hedge,殆ど,0.6624796986579895
hedge,そうすると,0.6622739434242249
hedge,もちろん,0.6622458696365356
hedge,あまり,0.6616752743721008
hedge,さほど,0.6614542603492737
hedge,自体,0.6609890460968018
hedge,ところ,0.6607841849327087
hedge,全く,0.6607143878936768
hedge,一応,0.6589449048042297
hedge,いささか,0.6587068438529968
hedge,比較的,0.6577867865562439
indirect_btw,正しい,1.0
indirect_btw,言う,1.0
indirect_btw,ところで,1.0
indirect_btw,言う,0.8467940092086792
indirect_btw,ところで,0.8245906233787537
indirect_btw,言っ,0.8162714838981628
indirect_btw,それと,0.8109738826751709
indirect_btw,それと,0.8109738826751709
indirect_btw,それと,0.8109738826751709
indirect_btw,さて,0.805753231048584
indirect_btw,さて,0.805753231048584
indirect_btw,さて,0.805753231048584
indirect_btw,いう,0.8012804388999939
indirect_btw,それにしても,0.7996288537979126
indirect_btw,それにしても,0.7996288537979126
indirect_btw,それにしても,0.7996288537979126
indirect_btw,云う,0.7945538759231567
indirect_btw,正しく,0.793613612651825
indirect_btw,ちなみに,0.7935304641723633
indirect_btw,ちなみに,0.7935304641723633
indirect_btw,ちなみに,0.7935304641723633
indirect_btw,間違っ,0.7877655625343323
indirect_btw,要するに,0.7796763181686401
indirect_btw,えーと,0.7662161588668823
indirect_btw,えーと,0.7662161588668823
indirect_btw,えーと,0.7662161588668823
indirect_btw,って,0.7635424137115479
indirect_btw,いう,0.7572365403175354
indirect_btw,それと,0.755577802658081
indirect_btw,確か,0.7526028752326965
indirect_btw,という,0.7480628490447998
indirect_btw,というのも,0.743862509727478
indirect_btw,だから,0.7420757412910461
indirect_btw,でしょ,0.7387329936027527
indirect_btw,思う,0.7372929453849792
indirect_btw,ちなみに,0.7352042198181152
indirect_btw,それで,0.7332090735435486
indirect_btw,つまり,0.7312139272689819
indirect_btw,ようするに,0.7269335389137268
indirect_btw,けれども,0.7267904281616211
indirect_btw,ゃってください,0.7246595621109009
indirect_btw,です,0.7237351536750793
indirect_btw,たしかに,0.7231200933456421
indirect_btw,そもそも,0.7220192551612854
indirect_btw,実は,0.7217148542404175
indirect_btw,要は,0.72050541639328
indirect_btw,しかし,0.719750165939331
indirect_btw,よって,0.7101244926452637
indirect_btw,それなら,0.7086560726165771
indirect_btw,当然,0.708364725112915
indirect_btw,なぜなら,0.7071825861930847
indirect_btw,それから,0.7065224647521973
indirect_btw,そんな,0.7064875364303589
indirect_btw,正しかっ,0.7063479423522949
indirect_btw,って,0.7041369676589966
indirect_btw,やはり,0.7040702104568481
indirect_btw,無論,0.7031617164611816
indirect_btw,けれど,0.7012072801589966
indirect_btw,つまるところ,0.701032280921936
indirect_btw,何故,0.7006149291992188
indirect_btw,因みに,0.7005513906478882
indirect_btw,わけ,0.7001050114631653
indirect_btw,っていう,0.6981744766235352
indirect_btw,それに,0.6973139643669128
indirect_btw,だとすると,0.6969152092933655
indirect_btw,言え,0.6963181495666504
indirect_btw,そこで,0.6960880756378174
indirect_btw,勿論,0.6943559050559998
indirect_btw,そして,0.6934078931808472
indirect_btw,えーと,0.6929000020027161
indirect_btw,それにしても,0.6922159194946289
indirect_btw,だとすれば,0.6921511888504028
indirect_btw,何しろ,0.6920596361160278
indirect_btw,ですから,0.6897696256637573
indirect_btw,言うまでもない,0.6896918416023254
indirect_btw,らしい,0.689513087272644
indirect_btw,云う,0.6891914010047913
indirect_btw,言っ,0.6874460577964783
indirect_btw,いえ,0.6864622831344604
indirect_btw,だろ,0.6855812668800354
indirect_btw,けど,0.685387909412384
indirect_btw,では,0.6845960021018982
indirect_btw,ところが,0.6841427683830261
indirect_btw,言わずもがな,0.6841292381286621
indirect_btw,もちろん,0.6836681365966797
indirect_btw,ついでに,0.6832423806190491
indirect_btw,けども,0.6822025179862976
indirect_btw,さておき,0.680072009563446
indirect_btw,だけど,0.6800484657287598
indirect_btw,はず,0.6788545846939087
indirect_btw,えーっと,0.6782363653182983
indirect_btw,ていう,0.6773166060447693
indirect_btw,多分,0.6770910024642944
indirect_btw,しかしながら,0.6769598126411438
indirect_btw,まず,0.6758080720901489
indirect_btw,どうやら,0.6755120158195496
indirect_btw,みたい,0.673340380191803
indirect_btw,なにしろ,0.67176353931427
indirect_btw,じゃあ,0.6716143488883972
indirect_btw,ですが,0.6702630519866943
indirect_btw,たぶん,0.6699714660644531
indirect_btw,なにせ,0.6698771715164185
indirect_btw,さて,0.6697913408279419
indirect_btw,ようは,0.669632077217102
indirect_btw,さておい,0.6689629554748535
indirect_btw,余談,0.668124258518219
indirect_btw,それなのに,0.6681213974952698
indirect_btw,おそらく,0.6648954153060913
indirect_btw,これ,0.6639657020568848
indirect_btw,恐らく,0.6633833050727844
indirect_btw,だって,0.6630116701126099
indirect_btw,いやいや,0.6627794504165649
indirect_btw,ある,0.6620277166366577
indirect_btw,言うまでもなく,0.6615209579467773
indirect_btw,何と,0.6608332991600037
indirect_btw,じつは,0.660682201385498
indirect_btw,言える,0.659275472164154
please,聞く,1.0
please,ヘルプ,1.0
please,聞く,0.8481178879737854
please,聞い,0.8226038217544556
please,聞き,0.7607560157775879
please,聞け,0.7400743961334229
please,聞い,0.7291717529296875
please,聞か,0.7268890142440796
please,聞こ,0.7119545936584473
please,ヘルプ,0.6801532506942749
please,聞き,0.6768794059753418
please,聞け,0.6522248387336731
please,聞か,0.6434903740882874
please,聞こ,0.6371725797653198
please,聞ける,0.6188920736312866
please,言う,0.6172796487808228
please,話す,0.6109170317649841
please,聴く,0.6013224720954895
please,聞けよ,0.5996853113174438
please,話し,0.5900754332542419
please,訊く,0.5847151875495911
please,尋ねる,0.5838711261749268
please,訊い,0.5770344138145447
please,尋ね,0.561781644821167
please,聞かさ,0.5539293885231018
please,答える,0.5500220656394958
please,語る,0.5470251441001892
please,お話,0.545333981513977
please,お話し,0.5432628393173218
please,聞き返す,0.5392109155654907
please,質問,0.5370054841041565
please,いう,0.5355948209762573
please,って,0.5342086553573608
please,思い出す,0.5304595828056335
please,話しかける,0.5285129547119141
please,人づて,0.527903139591217
please,調べろ,0.5278082489967346
please,わから,0.524825394153595
please,伺う,0.5247153639793396
please,聞こえる,0.5237004160881042
please,勧める,0.5233628153800964
please,よく,0.5225834846496582
please,思いだす,0.5210158824920654
please,知っ,0.5200848579406738
please,聴い,0.5192906856536865
please,訊か,0.5190510749816895
please,たずねる,0.5188186168670654
please,話さ,0.5142424702644348
please,分から,0.5142013430595398
please,言っ,0.5129079818725586
please,調べる,0.5120379328727722
please,思い浮かべる,0.5119350552558899
please,見聞き,0.5112637877464294
please,訊ね,0.5096143484115601
please,教える,0.5094181895256042
please,きける,0.5092253684997559
please,知り,0.5083578824996948
please,話せ,0.508021354675293
please,聞きづらかっ,0.5078169703483582
please,聞き返し,0.5077992677688599
please,聞き取れ,0.5064435005187988
please,教わる,0.5050269365310669
please,知る,0.5047261118888855
please,教わっ,0.5041477084159851
please,という,0.5015706419944763
please,言い出す,0.5011621713638306
please,思い出し,0.5004914999008179
please,問い合わせる,0.5001710057258606
praise,素晴らしい,1.0
praise,すばらしい,1.0
praise,シャープ,1.0
praise,強力,1.0
praise,牛,1.0
praise,素敵,1.0
praise,美しい,1.0
praise,かわいい,1.0
praise,どうぞ,1.0
praise,良い,1.0
praise,ドライ,1.0
praise,可愛い,0.9016060829162598
praise,素晴らしい,0.897752046585083
praise,すばらしい,0.8977518081665039
praise,すばらしい,0.8977518081665039
praise,すばらしい,0.8977518081665039
praise,すばらしい,0.8977518081665039
praise,ステキ,0.8741708993911743
praise,いい,0.8628062009811401
praise,カワイイ,0.8544857501983643
praise,よい,0.8497099280357361
praise,かわいく,0.8436488509178162
praise,どーぞ,0.8243522047996521
praise,美しく,0.8237056136131287
praise,美しく,0.8237056136131287
praise,素晴らしく,0.8137955665588379
praise,素晴らしく,0.8137955665588379
praise,素晴らしく,0.8137955665588379
praise,素晴らしく,0.8137955665588379
praise,かわいらしい,0.8097007274627686
praise,かわゆい,0.8043741583824158
praise,すてき,0.7945639491081238
praise,良く,0.7908219695091248
praise,素晴らしかっ,0.7804117798805237
praise,素晴らしかっ,0.7804117798805237
praise,素晴らしかっ,0.7804117798805237
praise,素晴らしかっ,0.7804117798805237
praise,素晴らしい,0.7800831198692322
praise,悪い,0.770389199256897
praise,美しかっ,0.7643760442733765
praise,美しかっ,0.7643760442733765
praise,すばらしく,0.7605105042457581
praise,美しい,0.7483230233192444
praise,良かっ,0.7461569309234619
praise,すばらしく,0.7446569204330444
praise,すばらしく,0.7446569204330444
praise,すばらしく,0.7446569204330444
praise,すばらしく,0.7446569204330444
praise,すばらしかっ,0.7423186898231506
praise,すばらしい,0.7332355380058289
praise,ドウゾ,0.7303556799888611
praise,素晴らしく,0.7294380068778992
praise,素敵,0.725244402885437
praise,ドーゾ,0.7215983867645264
praise,ウェット,0.7198853492736816
praise,すばらしかっ,0.7171282768249512
praise,すばらしかっ,0.7171282768249512
praise,すばらしかっ,0.7171282768249512
praise,すばらしかっ,0.7171282768249512
praise,よろしく,0.7121129035949707
praise,強大,0.7118989825248718
praise,：(♀),0.7101606130599976
praise,綺麗,0.7070476412773132
praise,綺麗,0.7070476412773132
praise,素晴らしかっ,0.7058449983596802
praise,きれい,0.7015440464019775
praise,きれい,0.7015440464019775
praise,素晴らしく,0.6906659007072449
praise,ステキ,0.6799491047859192
praise,綺麗,0.6590588688850403
praise,力強い,0.6581190824508667
praise,奇麗,0.6565880179405212
praise,かわいらしい,0.6503078937530518
praise,すばらしく,0.6499296426773071
praise,立派,0.6492812037467957
praise,ユニーク,0.6425936222076416
praise,すてき,0.6417807340621948
praise,良い,0.6416144371032715
praise,素晴らしかっ,0.6407724022865295
praise,可愛らしい,0.6399186253547668
praise,可愛い,0.6392183899879456
praise,かわいい,0.6349393129348755
praise,珍しい,0.6337469816207886
praise,強力,0.6301860213279724
praise,美しかっ,0.6294273138046265
praise,きれい,0.6281034350395203
praise,格好いい,0.6264708042144775
praise,美しく,0.624137818813324
praise,愛らしい,0.6196709871292114
praise,繊細,0.6183927655220032
praise,美味しい,0.6163193583488464
praise,面白い,0.6145304441452026
praise,凄い,0.6137300729751587
praise,カッコイイ,0.6124699115753174
praise,かっこいい,0.6107189655303955
praise,絶品,0.6099135279655457
praise,強烈,0.6072617173194885
praise,上質,0.6070734858512878
praise,鮮やか,0.6040096282958984
praise,柔らかい,0.6033734679222107
praise,どんな,0.6030362248420715
praise,エレガント,0.6022703647613525
praise,優秀,0.5997355580329895
praise,上品,0.5994628071784973
praise,すごい,0.5987864136695862
praise,麗しい,0.5983203053474426
praise,大好き,0.5980472564697266
praise,可愛らしく,0.5976672768592834
praise,優しい,0.596405029296875
praise,サイコー,0.5963631272315979
praise,たくさん,0.5938911437988281
praise,めずらしい,0.5932924747467041
praise,恐ろしい,0.5909656286239624
praise,エネルギッシュ,0.5905016660690308
praise,味わい深い,0.5896049737930298
praise,楽しい,0.5872710943222046
praise,いい,0.587158739566803
praise,独特,0.5871209502220154
praise,やわらかい,0.586100697517395
praise,多彩,0.5843345522880554
praise,すばらしかっ,0.5834352374076843
praise,こんな,0.5829930901527405
praise,印象深い,0.581623375415802
praise,好き,0.5791383981704712
praise,かっこよい,0.5787270069122314
praise,ならでは,0.5783865451812744
praise,かわいらしく,0.578153133392334
praise,キレイ,0.5778984427452087
praise,沢山,0.577090859413147
praise,優れ,0.5763416290283203
praise,とびきり,0.5759677886962891
praise,ファッショナブル,0.5756270289421082
praise,かわいく,0.5755012035369873
praise,上手い,0.5752594470977783
praise,大事,0.5747725963592529
praise,スゴイ,0.5740930438041687
praise,柔らかく,0.5718513131141663
praise,チャーミング,0.5703312754631042
praise,新鮮,0.5700811743736267
praise,キュート,0.5700609683990479
praise,贅沢,0.5698671340942383
praise,とても,0.5695801973342896
praise,凄まじい,0.5692768096923828
praise,色んな,0.5688127875328064
praise,おいしい,0.5686178803443909
praise,柔らか,0.5682245492935181
praise,やさしい,0.5680423974990845
praise,まとも,0.5668838024139404
praise,ゴージャス,0.5664913058280945
praise,極上,0.5657302141189575
praise,しっかり,0.5650891661643982
praise,ダイナミック,0.5650568604469299
praise,独創,0.564647376537323
praise,大切,0.5645185708999634
praise,お似合い,0.5638483762741089
praise,いろんな,0.563683271408081
praise,魅力,0.5629628896713257
praise,斬新,0.5626538991928101
praise,カワイイ,0.5626249313354492
praise,うまい,0.5620993971824646
praise,おもしろい,0.5609409213066101
praise,ハイレベル,0.5604152083396912
praise,秀逸,0.5603890419006348
promise,絶対,1.0
promise,右,1.0
promise,確認,1.0
promise,決定的,1.0
promise,ょぜつしなければならない,0.8179160356521606
promise,ょぜつしなければならない,0.8179160356521606
promise,左上,0.7921462655067444
promise,左下,0.7839633226394653
promise,右側,0.7707100510597229
promise,左側,0.7641609907150269
promise,ゅうしなければならないのである,0.7578309178352356
promise,ゅうしなければならないのである,0.7578309178352356
promise,ぎもんをもたなければならない,0.7562448978424072
promise,ぎもんをもたなければならない,0.7562448978424072
promise,ょうどうはせいかからはいらなければならない,0.7318480610847473
promise,ょうどうはせいかからはいらなければならない,0.7318480610847473
promise,絶対,0.68825763463974
promise,確認,0.64946049451828
promise,右側,0.6094164252281189
promise,必ず,0.6092425584793091
promise,左下,0.6085498332977295
promise,左側,0.6058465838432312
promise,左上,0.6050198674201965
promise,確実,0.6018109321594238
promise,明らか,0.5881077647209167
promise,まず,0.5847418904304504
promise,決定的,0.5812103152275085
promise,その,0.573327898979187
promise,一番,0.572229266166687
promise,やはり,0.5718575119972229
promise,そこ,0.5626826882362366
promise,右端,0.5625840425491333
second_person,あなた,1.0000001192092896
second_person,あなた,1.0
second_person,貴方,0.7596607208251953
second_person,貴方,0.7596606016159058
second_person,アナタ,0.6878968477249146
second_person,貴女,0.6680669188499451
second_person,わたし,0.6092668771743774
second_person,自分,0.6038140058517456
second_person,きっと,0.583808183670044
second_person,もしも,0.5629564523696899
second_person,もし,0.5359093546867371
second_person,どんな,0.5314362645149231
second_person,あんた,0.5209346413612366
second_person,彼ら,0.5188601613044739
second_person,君たち,0.5168240070343018
second_person,我々,0.5163998007774353
second_person,誰か,0.5147228837013245
second_person,自身,0.5144003629684448
second_person,みなさん,0.5130189061164856
second_person,彼女,0.5095729827880859
second_person,皆さん,0.5053450465202332
taboo,拷問,1.0
taboo,による,1.0
taboo,所有,1.0
taboo,草,1.0
taboo,cao,1.0
taboo,傷,1.0
taboo,ドライ,1.0
taboo,プー,1.0
taboo,人生,1.0
taboo,妹,1.0
taboo,nm,1.0
taboo,tm,1.0
taboo,母親,1.0
taboo,md,1.0
taboo,くそ,1.0
taboo,戻る,1.0
taboo,カップ,1.0
taboo,愚か者,1.0
taboo,スカム,1.0
taboo,胎児,1.0
taboo,皮肉,1.0
taboo,ブルート,1.0
taboo,売春,1.0
taboo,魂,1.0
taboo,カメ,1.0
taboo,バカ,1.0
taboo,無駄,1.0
taboo,トガリネズミ,1.0
taboo,詐欺,1.0
taboo,悲しみ,1.0
taboo,苦い,1.0
taboo,女,1.0
taboo,ハイブリッド,1.0
taboo,250,1.0
taboo,sb,1.0
taboo,脳卒中,1.0
taboo,シャティ,1.0
taboo,ミックス,1.0
taboo,おなら,1.0
taboo,たわごと,1.0
taboo,ディック,1.0
taboo,肥料,1.0
taboo,尿,1.0
taboo,死ぬ,1.0
taboo,300,0.8931583762168884
taboo,200,0.8924794793128967
taboo,350,0.8896322846412659
taboo,400,0.8765391111373901
taboo,230,0.8741819858551025
taboo,父親,0.8628659844398499
taboo,ハイブリット,0.8476531505584717
taboo,キズ,0.8388345241546631
taboo,馬鹿,0.8387147784233093
taboo,馬鹿,0.8387147784233093
taboo,馬鹿,0.8387147784233093
taboo,馬鹿,0.8387147784233093
taboo,もどる,0.8232062458992004
taboo,心筋梗塞,0.7900147438049316
taboo,により,0.7869337797164917
taboo,哀しみ,0.7843568921089172
taboo,アフリカトガリネズミ,0.7734229564666748
taboo,アホ,0.7733990550041199
taboo,アホ,0.7733990550041199
taboo,アホ,0.7733990550041199
taboo,アホ,0.7733990550041199
taboo,実母,0.7599615454673767
taboo,戻り,0.7589485049247742
taboo,一夜妻,0.7542458772659302
taboo,擦り傷,0.75044846534729
taboo,戻っ,0.7476217746734619
taboo,両親,0.7474222183227539
taboo,液肥,0.742630660533905
taboo,によって,0.7417534589767456
taboo,彅君,0.7409269213676453
taboo,彅君,0.7409269213676453
taboo,オナラ,0.7331122159957886
taboo,苦く,0.7320641875267029
taboo,義妹,0.7256666421890259
taboo,愚か,0.7254740595817566
taboo,愚か,0.7254740595817566
taboo,戻れる,0.7248650789260864
taboo,戻ろ,0.7242253422737122
taboo,無意味,0.7202547788619995
taboo,ウェット,0.7198853492736816
taboo,苦かっ,0.7168468236923218
taboo,ほろ苦い,0.716403067111969
taboo,および,0.7129321694374084
taboo,エァー,0.7122514247894287
taboo,死な,0.7101160287857056
taboo,ムダ,0.7095867991447449
taboo,息子,0.7083265781402588
taboo,脳出血,0.7069242000579834
taboo,死ん,0.7068708539009094
taboo,死ねる,0.7035385370254517
taboo,馬鹿,0.6810215711593628
taboo,バカ,0.6608527898788452
taboo,アホ,0.6316092014312744
taboo,クズ,0.6011232733726501
taboo,阿呆,0.5839555263519287
taboo,愚か,0.5825294256210327
taboo,親父,0.5714330673217773
taboo,死ね,0.5705111026763916
taboo,人間,0.565942108631134
taboo,本当,0.5611705780029297
taboo,無能,0.5574761629104614
taboo,ばか,0.5573333501815796
taboo,クソ,0.5566944479942322
taboo,お前,0.5560071468353271
taboo,変態,0.5558955669403076
taboo,鬼畜,0.5535039901733398
taboo,貧乏人,0.5526188015937805
taboo,マジバカ,0.5518737435340881
taboo,母親,0.5517710447311401
taboo,あんた,0.5511957406997681
taboo,自分,0.5502800941467285
taboo,愚か者,0.5495077967643738
taboo,野郎,0.5474370121955872
taboo,死ぬ,0.5466040968894958
taboo,サイテー,0.5458845496177673
taboo,オヤジ,0.5445989370346069
taboo,ウンコ,0.5439161658287048
taboo,奴ら,0.5421834588050842
taboo,おまえ,0.5413411855697632
taboo,キメエ,0.5412253737449646
taboo,哀れ,0.5407963395118713
taboo,壮絶,0.5389895439147949
taboo,犯罪,0.5383464097976685
taboo,病気,0.5379919409751892
taboo,貧乏,0.5376038551330566
taboo,可哀想,0.536520779132843
taboo,たち,0.5362340807914734
taboo,嫌い,0.5355823636054993
taboo,間抜け,0.5350329875946045
taboo,マヌケ,0.5342066884040833
taboo,化け物,0.533823549747467
taboo,インチキ,0.5334849953651428
taboo,恥さらし,0.5326475501060486
taboo,惨め,0.5324634909629822
taboo,狂気,0.5320375561714172
taboo,彼女,0.53189617395401
taboo,悲惨,0.5315877199172974
taboo,出来損ない,0.5310156941413879
taboo,ジジイ,0.5299339294433594
taboo,非道,0.5298193097114563
taboo,嘘つき,0.5298153162002563
taboo,あいつ,0.5286468267440796
taboo,夢見ん,0.5282964706420898
taboo,ふざけ,0.5280970335006714
taboo,残酷,0.5278308987617493
taboo,本気,0.5274785757064819
taboo,アンタ,0.5268587470054626
taboo,オカマ,0.5267761945724487
taboo,食い物,0.526719331741333
taboo,キチガイ,0.5266857147216797
taboo,子供,0.5265040397644043
taboo,ロリコン,0.5262013077735901
taboo,父親,0.5261765718460083
taboo,ジジィ,0.5260211229324341
taboo,くだらない,0.5258265733718872
taboo,皮肉,0.5258042216300964
taboo,臭い,0.5253230929374695
taboo,オオバカ,0.5253031849861145
taboo,不細工,0.5246570706367493
taboo,クソキモ,0.5243285894393921
taboo,キティガイ,0.5234195590019226
taboo,自業自得,0.5227320194244385
taboo,ヴァカ,0.5226581692695618
taboo,命がけ,0.520893931388855
taboo,下衆,0.5207324624061584
taboo,ヒデエ,0.5203962326049805
taboo,侮辱,0.5200477242469788
taboo,虐待,0.5198532342910767
taboo,死ん,0.5197569727897644
taboo,奴隷,0.5196956396102905
taboo,ぐぐれよ,0.518575131893158
taboo,病的,0.5170493125915527
taboo,無責任,0.5169631838798523
taboo,外道,0.5165437459945679
taboo,うんこ,0.5162210464477539
taboo,ジャップ,0.5154416561126709
taboo,クソカス,0.5152868628501892
taboo,連中,0.5144930481910706
taboo,自虐,0.5138336420059204
taboo,鬱村,0.5137640237808228
taboo,可哀相,0.5137627720832825
taboo,かわいそう,0.5134027600288391
taboo,死にかけ,0.5132713317871094
together,一緒,1.0
together,ユニフォーム,1.0
together,一緒,0.9901567101478577
together,ユニホーム,0.8676939606666565
together,いっしょ,0.7457147240638733
together,いっしょ,0.7457147240638733
together,いっしょ,0.7448493242263794
together,アウェーユニフォーム,0.7034347653388977
together,仲良く,0.6564202308654785
together,共に,0.6407088041305542
together,別々,0.6281114816665649
together,同じ,0.6045457720756531
together,楽しく,0.5967063903808594
together,連れ立っ,0.5737179517745972
together,ちゃんと,0.5726034641265869
together,友達,0.5678862929344177
together,仲間,0.5659556984901428
together,沢山,0.5650932788848877
together,みんな,0.5617125630378723
together,ともに,0.5594494938850403
together,と共に,0.5563564896583557
together,楽しん,0.553400993347168
together,お揃いで,0.5533285737037659
together,いつも,0.5525612831115723
together,仲よく,0.5522572994232178
together,大勢,0.5501536130905151
together,誘い合っ,0.5467483401298523
together,喜ん,0.5466280579566956
together,同じく,0.5441203713417053
together,仲良し,0.5429102182388306
together,一生懸命,0.5420898199081421
together,誘っ,0.5416228771209717
together,張り切っ,0.5400536060333252
together,頑張っ,0.5385817289352417
together,親しく,0.5381100177764893
together,両方,0.5378103852272034
together,気兼ね,0.5365279316902161
together,思い思い,0.5350531339645386
together,付き添っ,0.5343849062919617
together,大好き,0.5341886878013611
together,僕たち,0.5334097146987915
together,好き,0.5330084562301636
together,連れ,0.5323616862297058
together,たち,0.5318061113357544
together,ずっと,0.5305424928665161
together,おそろいで,0.5299260020256042
together,知り合い,0.5299159288406372
together,たくさん,0.529229998588562
together,楽しい,0.525662899017334
together,これから,0.5254725217819214
together,同様,0.5241804718971252
together,率先,0.5225180983543396
together,気持ち良く,0.5202963948249817
together,引き連れ,0.5198656320571899
together,お供,0.5189254283905029
together,夢中,0.5183866024017334
together,全員,0.5157403945922852
together,初めて,0.5153381824493408
together,寄り添っ,0.5153346657752991
together,同い年,0.5146660208702087
together,同年代,0.5140846967697144
together,思う存分,0.5134848952293396
together,会っ,0.5126776099205017
together,共々,0.5125911235809326
together,居る,0.5122507810592651
together,遊ん,0.5118129253387451
together,必ず,0.5109924077987671
together,気持ちよく,0.5103163123130798
together,友人,0.5102575421333313
together,皆んな,0.5097859501838684
together,一度,0.5096434950828552
together,話し合っ,0.5081430077552795
together,同行,0.5060298442840576
together,違っ,0.5052872896194458
together,同士,0.5052550435066223
together,会い,0.5046979784965515
together,邪魔,0.504640519618988
together,おそろい,0.503597617149353
together,気軽,0.503160834312439
together,ともども,0.5011812448501587
together,一所懸命,0.5009562969207764
together,一員,0.5007485151290894
together,可愛がっ,0.5002174973487854
together,落ち合っ,0.5001422166824341
you_direct,あなた,1.0000001192092896
you_direct,あなた,1.0
you_direct,貴方,0.7596607208251953
you_direct,貴方,0.7596606016159058
you_direct,アナタ,0.6878968477249146
you_direct,貴女,0.6680669188499451
you_direct,わたし,0.6092668771743774
you_direct,自分,0.6038140058517456
you_direct,きっと,0.583808183670044
you_direct,もしも,0.5629564523696899
you_direct,もし,0.5359093546867371
you_direct,どんな,0.5314362645149231
you_direct,あんた,0.5209346413612366
you_direct,彼ら,0.5188601613044739
you_direct,君たち,0.5168240070343018
you_direct,我々,0.5163998007774353
you_direct,誰か,0.5147228837013245
you_direct,自身,0.5144003629684448
you_direct,みなさん,0.5130189061164856
you_direct,彼女,0.5095729827880859
you_direct,皆さん,0.5053450465202332
you_honorific,あなた,1.0
you_honorific,紳士,1.0
you_honorific,逃す,1.0
you_honorific,逃し,0.8600481748580933
you_honorific,貴方,0.7596606016159058
you_honorific,のがし,0.7410184741020203
you_honorific,逃せ,0.7333328127861023
you_honorific,紳士,0.6916489601135254
you_honorific,逃す,0.6864099502563477
you_honorific,逃し,0.6111102104187012
you_honorific,逃さ,0.5625846982002258
you_honorific,逃せ,0.5570403337478638
you_honorific,見逃す,0.5539676547050476
CATEGORY,word
gratitude,感謝
gratitude,お礼
gratitude,いた
gratitude,謝意
gratitude,おかげ
gratitude,ありがたい
gratitude,有難う
gratitude,有り難う
gratitude,感謝しています
gratitude,お礼申し上げます
gratitude,お礼を言います
gratitude,感謝の意を表します
deference,すごい凄
deference,凄
deference,すごい厲
deference,厲
deference,すごい棒
deference,棒
deference,すごい強
deference,強
deference,すごい牛
deference,牛
deference,すごい美
deference,美
deference,すごい綺
deference,綺
deference,すごく上手い
deference,すごく綺麗
deference,立派
greeting,こんにちは
greeting,ハロー
greeting,やあ
greeting,もしもし
greeting,おはよう
greeting,こんばんは
greeting,ねえ
apologetic,すみません
apologetic,ごめんなさい
apologetic,申し訳ありません
apologetic,申し訳ない
apologetic,恐れ入ります
apologetic,残念です
please,お願い
please,頼む
please,手伝って
please,どうか
please,お願いします
indirect_btw,ところで
indirect_btw,ちなみに
direct_question,なぜ
direct_question,いくつ
direct_question,どれくらい
direct_question,どのくらい
direct_question,どのぐらい
direct_question,どうやって
direct_question,誰
direct_question,どう
direct_question,何故
direct_question,いくら
direct_question,どの程度
direct_question,どのぐらいの量
direct_question,どのように
direct_question,どの方法で
direct_question,誰が
direct_question,どのような
first_person_plural,私たち
first_person_plural,僕たち
first_person_plural,俺たち
first_person_plural,我々
first_person_plural,われわれ
first_person_singular,私
first_person_singular,わたくし
first_person_singular,わし
first_person_singular,あたし
first_person_singular,俺
first_person_singular,おれ
first_person_singular,僕
first_person_singular,ぼく
second_person,あなた
hedge,かもしれない
hedge,だろう
hedge,おそらく
hedge,もしかすると
hedge,ひょっとすると
hedge,たぶん
hedge,いくらか
hedge,ほとんど
hedge,ほぼ
hedge,少々
hedge,ちょっと
hedge,かなり
hedge,大体
hedge,大概
hedge,一部
hedge,多分
hedge,まあ
hedge,ある程度
hedge,少しだけ
hedge,少し
hedge,多くの
hedge,少ない
hedge,大多数
hedge,少数
hedge,多数
hedge,なんとなく
hedge,なんとか
hedge,それなりに
hedge,ある意味で
hedge,ある程度まで
hedge,ある種
factuality,実際
factuality,正直に言って
factuality,本当に
emergency,急いで
emergency,すぐに
emergency,即座に
emergency,早く
emergency,緊急
emergency,できるだけ早く
emergency,即刻
emergency,大至急
emergency,至急
emergency,早急に
emergency,迅速に
emergency,速やかに
emergency,切実に
ingroup_ident,私たち
ingroup_ident,我々
ingroup_ident,僕たち
ingroup_ident,俺たち
ingroup_ident,われわれ
ingroup_ident,うちら
ingroup_ident,我ら
praise,すごい
praise,上手
praise,美しい
praise,きれい
praise,素晴らしい
praise,優れた
praise,立派な
praise,かっこいい
praise,最高
praise,素晴らしい
praise,感動的
praise,驚くべき
praise,素敵な
praise,嬉しい
praise,すばらしい
praise,ですね
promise,必ず
promise,確かに
promise,絶対に
promise,間違いなく
promise,確実に
together,一緒に
together,一同
you_direct,あなた
you_direct,きみ
you_direct,あんた
you_honorific,さん
you_honorific,さま
you_honorific,あなた様
you_honorific,あなたさま
you_honorific,貴方様
you_honorific,貴方さま
you_honorific,あなた君
you_honorific,あなたくん
you_honorific,あなたさん
you_honorific,貴方君
you_honorific,貴方くん
you_honorific,貴方さん
taboo,くそ
taboo,ちくしょう
taboo,ばか
taboo,あほ
taboo,まぬけ
taboo,ぼけ
taboo,てめえ
taboo,きさま
taboo,このやろう
taboo,くそったれ
taboo,だめだこいつ
taboo,はげ
taboo,ぶす
taboo,ぶさいく
taboo,でぶ
taboo,しんじまえ
taboo,きえろ
taboo,ざけんな
taboo,くたばれ
taboo,くそくらえ
taboo,しね
taboo,しにおちろ
taboo,はずかしい
taboo,ふざけるな
taboo,ふざけんな
taboo,どけ
taboo,うるさい
taboo,だまれ
taboo,うざい
taboo,いじめる
taboo,さわぐ
taboo,ひどい
taboo,いたずら
taboo,ぬけめ
taboo,へたくそ
taboo,ぐうたら
